"","log2Expr.Control.MLE","log2Expr.Control.MLE.SE","log2Expr.Treated.MLE","log2Expr.Treated.MLE.SE","log2fcMod.Control.MLE","log2fcMod.Control.MLE.SE","log2fcMod.Control.pvalue","log2fcMod.Control.padj","log2fcMod.Treated.MLE","log2fcMod.Treated.MLE.SE","log2fcMod.Treated.pvalue","log2fcMod.Treated.padj","log2fcDiffExpr.MLE","log2fcDiffExpr.MLE.SE","log2fcDiffExpr.pvalue","log2fcDiffExpr.padj","log2fcAbsDiffMod.MLE","log2fcAbsDiffMod.MLE.SE","log2fcAbsDiffMod.pvalue","log2fcAbsDiffMod.padj","log2fcDiffMod.MLE","log2fcDiffMod.MLE.SE","log2fcDiffMod.pvalue","log2fcDiffMod.padj"
"mod_1",4.67792373878585,0.277646783974051,1.42920565998999,2.04026190704128,0.30801025857403,0.28260023626195,0.275750554026474,0.305163946455964,3.40890199590319,2.04461679334611,0.0954632804163415,0.198086306863909,-3.24871807879586,2.05906624925916,0.114620118703423,0.433641655114117,-0.147826341466703,0.143403754886157,0.302615808693432,0.344070029062396,3.10089173732916,2.06405380408078,0.133011681228322,0.454545141387079
"mod_2",6.05801104853756,0.180336865893318,5.64453932721868,0.588977390360863,1.30106571235826,0.182192470741018,9.25460756331715e-13,3.33970620763184e-12,0.677403574978951,0.592654704053871,0.253039117709883,0.403889360960006,-0.41347172131888,0.615967256682201,0.502057454884107,0.651105761802826,-1.03713385869819,0.0708374849078031,1.53717967507351e-48,6.37929565155508e-47,-0.623662137379307,0.620027098496184,0.314481616453075,0.72780031236283
"mod_3",3.07935738200195,0.322596377120242,-0.549963587458948,2.04026190704687,1.90061734515712,0.333800953942028,1.2419578450971e-08,3.81787041270591e-08,5.11700137560412,2.04986319266831,0.0125508863021263,0.0520861781538243,-3.6293209694609,2.06560732140544,0.0789137736853363,0.433641655114117,-0.412936939013907,0.215930017580347,0.055829434957503,0.08425169275405,3.21638403044699,2.07686267719171,0.121460014342237,0.454545141387079
"mod_4",5.89090092619145,0.191089617225688,4.6445405645211,0.832938878317693,-0.24903073121484,0.19679204864844,0.205709636592695,0.230728376178294,0.182911420079677,0.840256203623731,0.827674321347194,0.903907482523909,-1.24636036167035,0.854577213687559,0.14471583042777,0.433641655114117,-0.814418210375829,0.120229845836033,1.25404960230731e-11,5.20430584957533e-11,0.431942151294517,0.862993271951974,0.616711620973741,0.85655452498916
"mod_5",5.64819006794469,0.215064237343862,7.63058482453233,0.372502221069572,2.41529733300343,0.215810155867312,4.47418832021891e-29,2.65255450412978e-28,0.677260019442358,0.374199793678834,0.0703130317138843,0.171646518595659,1.98239475658765,0.430128445400564,4.04914664227687e-06,0.00016803958565449,0.244357443026575,0.039861998188301,8.78320536312226e-10,3.31366384154158e-09,-1.73803731356107,0.431971593055456,5.73398046853951e-05,0.00154817472650567
"mod_6",3.36644286334469,0.237177548496998,4.26855466834376,1.44269135227355,1.51166114431288,0.246840882000642,9.1237293894718e-10,2.91257515125446e-09,0.187408404485202,1.45281559305605,0.897360266963525,0.951107586657066,0.902111804999074,1.46205697247732,0.537224506131605,0.675600515286715,-0.422140934828605,0.18436997216244,0.0220421716252229,0.0373367396917041,-1.32425273982768,1.47363583890408,0.368850002977138,0.777307375936156
"mod_7",4.22917945819771,0.340046385125015,4.03653516483453,0.832939135433797,0.20566584577256,0.34885479703745,0.555495264542074,0.598780609831067,0.407542686828827,0.839421250908897,0.627318612528918,0.789228764849521,-0.192644293363184,0.899676889546109,0.830448731818558,0.861590559261754,0.00923254769308294,0.130033049467622,0.943396524151205,0.943396524151205,0.201876841056267,0.909025325271078,0.824251181360625,0.973423445831713
"mod_8",5.2208333000469,0.138823387853457,6.07799850955566,0.314821827242525,-0.569218817266597,0.172890602596465,0.000993488916040556,0.00161685451041894,-1.70681686613552,0.394164898850038,1.48967074012284e-05,0.000176632387757423,0.857165209508766,0.344070778536442,0.0127295679314339,0.176092356384836,-0.28043283936016,0.258597048663759,0.278170003399581,0.320668198363405,-1.13759804886893,0.430415034280833,0.00821687690262328,0.0831958786390608
"mod_9",3.16434785644377,0.385576451973975,-0.09674794062865,2.0402619070574,-2.01787881534815,0.475138724182617,2.16723878765044e-05,4.44434499412329e-05,0.257056872882713,2.16402451834229,0.905444513751362,0.951107586657066,-3.26109579707242,2.07637494176794,0.116282159388547,0.433641655114117,-0.986160108841554,0.772935746887239,0.202003957946166,0.242990268254084,2.27493568823087,2.21557040485198,0.304517201035772,0.72780031236283
"mod_10",4.22287200792433,0.360673735736593,0.953313824151193,2.04026190705055,-0.850038088082671,0.373060961810264,0.0226938237035078,0.0298982121808118,0.912663805209413,2.06231943202649,0.658096750427383,0.789228764849521,-3.26955818377313,2.07189523407165,0.11455369008811,0.433641655114117,-1.50685629048105,0.315568124015511,1.79654915301327e-06,5.52272517407784e-06,1.76270189329208,2.09578896532543,0.400309610961227,0.777307375936156
"mod_11",3.48428023020054,0.40013130705195,3.85266305525803,0.832940713927736,-1.8482380893565,0.457887980697512,5.42680283299302e-05,0.000107243960747243,-8.96677600714277,2.2037427223297,4.72386265953088e-05,0.000356436909764603,0.36838282505749,0.924064070921955,0.690147379555946,0.794295455082755,-6.75015509272877,2.05237883535246,0.00100564720259784,0.00238482050901774,-7.11853791778627,2.25080849294085,0.00156335771226445,0.02110532911557
"mod_12",4.96224468129044,0.251140940858442,2.88065836592074,1.44269015802444,-2.1717197426253,0.284095903564252,2.10053889824289e-14,7.92476038882544e-14,-5.33209028458346,2.0402667450559,0.00896389627416746,0.040188483171839,-2.08158631536969,1.46438574632412,0.155178996816413,0.433641655114117,-5.24195685732786,1.44878894231951,0.00029669968970165,0.000744962192812586,-3.16037054195816,2.05995072863661,0.124981157987419,0.454545141387079
"mod_13",4.6182905210943,0.282935698818537,4.46562012080967,0.832940077924465,-1.45302081262078,0.306033199881872,2.05520413203867e-06,4.87376979883456e-06,-5.91705397171201,1.31699098657498,7.02735242198241e-06,9.721170850409e-05,-0.15267040028463,0.879682521573353,0.862217790787026,0.883507118954607,-4.61670355937586,1.02678266210753,6.91522758382054e-06,1.85149641760356e-05,-4.46403315909123,1.35208014045619,0.000961336989130277,0.0155736592239105
"mod_14",8.31563034767347,0.0873158765641518,6.98095074565864,0.41646999331162,-3.78482074105878,0.108153553139979,2.69161814060905e-268,2.23404305670551e-266,-3.22914399030954,0.444897663813052,3.92354988048522e-13,1.08551546693424e-11,-1.33467960201483,0.425524743170317,0.00170948328023702,0.0354717780649181,-0.77900285126559,0.168996513372462,4.03484365327236e-06,1.19604294007716e-05,0.555676750749238,0.457854898163751,0.224880442600948,0.620625967182598
"mod_15",6.58785713342603,0.116255677686709,6.96371698641467,0.510069473106126,-2.13212072455538,0.134997635322839,3.43462080491246e-56,4.75122544679557e-55,-2.08715222782236,0.534371956842742,9.39125373761663e-05,0.000599595430940139,0.375859852988636,0.523150286111629,0.472476885976505,0.622469548191269,0.420828349721662,0.173469093096702,0.0152681303487097,0.0281612181987312,0.0449684967330259,0.551160335039943,0.934973727542985,0.978742629579529
"mod_16",7.31819883015844,0.121929985393818,6.48544914629748,0.545287071504158,-3.18270025191104,0.140667745553645,2.42323589767877e-113,1.00564289753669e-111,-2.67950496682726,0.569845935757754,2.57427629329194e-06,4.77105418127972e-05,-0.832749683860965,0.558752965382469,0.136126493166555,0.433641655114117,-0.329554398777192,0.179741275363713,0.0667292649804352,0.09549187919614,0.503195285083773,0.586951243081515,0.391277240559095,0.777307375936156
"mod_17",2.63243042251328,0.446417717901114,2.46938541162049,2.04026190710601,-2.22316344787394,0.498843761759384,8.32570508091267e-06,1.91953756032153e-05,-6.97908700107328,2.88536005432004,0.0155721241183923,0.0561950566011548,-0.163045010892788,2.08852837946953,0.937774808318004,0.937774808318004,-4.91896856409213,2.05237883426272,0.0165427537958455,0.0298488818490256,-4.75592355319934,2.92816258710747,0.104332993964267,NA
"mod_18",5.08085319382305,0.267901770092943,0.953330708834636,2.04026190704098,-1.36234769769037,0.280933843828807,1.23864112706269e-06,3.02374157488834e-06,3.59853841984594,2.04370538957266,0.078273753604387,0.182019984220766,-4.12752248498842,2.05777491909297,0.0448756429087842,0.338607123766281,0.833363632547899,0.145656356208927,1.05626966868689e-08,3.65293260420882e-08,4.96088611753632,2.06292341844674,0.0161820081340207,0.10922855490464
"mod_19",6.04067265931042,0.192788216942229,5.77993005458088,0.645192339406978,1.00322880229096,0.194587012798722,2.52709153318166e-07,6.55464366418993e-07,0.311529065064802,0.64898538943655,0.631209777023868,0.789228764849521,-0.260742604729534,0.673379779654224,0.698597207482423,0.794295455082755,-0.952442341955692,0.0748712107426422,4.51599831540197e-37,7.49655720356727e-36,-0.691699737226157,0.677529346651691,0.307294806681804,0.72780031236283
"mod_20",5.7715692411158,0.178944281148186,5.2845502226055,0.588977379126637,1.89998727655645,0.180798675399872,7.86415440505492e-26,4.35149877079706e-25,1.36141966348093,0.59260933975045,0.0215999084716517,0.0746996834644622,-0.487019018510293,0.615560979932208,0.428839451273748,0.622469548191269,-1.02558663158581,0.0704172409392574,4.72946440164252e-48,1.3084851511211e-46,-0.538567613075521,0.619575580728945,0.384709045758497,0.777307375936156
"mod_21",4.99171175705073,0.183222432674561,4.6807724807069,0.588977378684223,3.12931307184849,0.185191598321315,4.67757918641728e-64,1.29413024157545e-62,2.77307989844677,0.592587079688374,2.8741290248673e-06,4.77105418127972e-05,-0.310939276343828,0.616818222228935,0.614189727907916,0.738807933570392,-0.667172449745544,0.0706439577465879,3.58285197258921e-21,2.47813928104087e-20,-0.356233173401717,0.620850449262603,0.566114937351896,0.85655452498916
"mod_22",5.37936223721686,0.178944279999673,4.93088661066514,0.588977364305811,2.2981990745622,0.18125838733522,7.71815241542701e-37,5.82369682254947e-36,2.00750063621894,0.592988607349631,0.000710759089587498,0.00347017673151543,-0.448475626551718,0.615560965417566,0.466268339510227,0.622469548191269,-0.739174064894981,0.0746639618091431,4.16228051972664e-23,3.14062984670283e-22,-0.290698438343263,0.620072577028464,0.639202899604169,0.85655452498916
"mod_23",5.51455874763444,0.22811009293747,4.30062069699719,1.02013683371757,0.645441139498651,0.231095953519924,0.0052228579415436,0.00760521419558103,0.762163038979356,1.0249375086638,0.457106985360998,0.643048809914624,-1.21393805063725,1.04532910645374,0.245520946488831,0.536838649585376,-1.09721615115654,0.105777614728145,3.29520063306199e-25,2.73501652544145e-24,0.116721899480704,1.05066730956401,0.91154251197932,0.978742629579529
"mod_24",5.44258535486237,0.237177576506056,4.54590464365179,1.0201370334281,0.572767474522552,0.2400696155839,0.0170402047802163,0.0228118870444832,0.463965055328157,1.02540909742232,0.650931692228371,0.789228764849521,-0.896680711210586,1.04734535919904,0.391916936815804,0.622469548191269,-1.00548313040498,0.110292851481672,7.76003135955462e-20,4.95448156033103e-19,-0.108802419194395,1.05313662971072,0.917714773421552,0.978742629579529
"mod_25",5.36241503004549,0.243859937290046,4.54590411967907,1.0201372186758,0.603302247454016,0.246771551962747,0.0144940373912952,0.0200500850579583,0.0711808932300916,1.02705348359889,0.944746108430749,0.956267402436002,-0.816510910366413,1.04887898198393,0.436297554161923,0.622469548191269,-1.34863226459034,0.124849920411157,3.36685870057263e-27,3.99213245925041e-26,-0.532121354223924,1.05628336753932,0.614424686781094,0.85655452498916
"mod_26",4.22945010905265,0.231016062998913,1.80196127580717,1.44268665378078,2.09161156677679,0.237156570961849,1.14932173210293e-18,5.02072125076542e-18,1.95262503897648,1.46205250307099,0.181700692975883,0.320875691851028,-2.42748883324548,1.46106547209018,0.0966228825371018,0.433641655114117,-2.56647536104579,0.243162553524492,4.83867493417925e-26,4.46233355040975e-25,-0.138986527800315,1.48116165075611,0.925239303573963,0.978742629579529
"mod_27",4.62544874525082,0.314821850740587,3.5459075652551,1.44268716461214,-3.52466026180442,0.37515347831273,5.70827605198043e-21,2.96116820196485e-20,-2.80656695929095,1.51310322025164,0.0636188343399439,0.171646518595659,-1.07954117999572,1.47663719387415,0.464729768399636,0.622469548191269,-0.361447877482256,0.499764110313859,0.469534313263365,0.519617973344791,0.718093302513468,1.55891608926898,0.645059580547392,0.85655452498916
"mod_28",1.12731179601247,0.488991206294984,1.60235063595533,2.04026190706359,0.994469340816804,0.521184924875801,0.0563791888735689,0.0688157746545032,-1.00662962250587,2.20373435952213,0.647826624616819,0.789228764849521,0.475038839942855,2.09804029666988,0.820874567964227,0.861590559261754,-1.52606012337982,0.852237835377047,0.0733493944746876,0.101466662356651,-2.00109896332267,2.26452414320045,0.376872730875085,0.777307375936156
"mod_29",3.90062691140934,0.259115676042051,-0.414173741662497,2.04026190704704,0.407764025781398,0.278952709671363,0.14380491256493,0.167900764064206,3.74090835884213,2.05978638977829,0.0693453325094525,0.171646518595659,-4.31480065307183,2.05664954404606,0.0359072969080596,0.338607123766281,-0.981656320011107,0.301208130836736,0.00111780782896021,0.0025771680501027,3.33314433306073,2.07858897986452,0.108810841434061,0.440683907807946
"mod_30",4.33211972860133,0.34004647895901,0.789930524396668,2.0402619070475,-0.509865950805354,0.350405581626189,0.145648855573769,0.167900764064206,2.41321663788598,2.04903726758352,0.238903488980061,0.388803717359707,-3.54218920420467,2.06840431407793,0.0868003971123866,0.433641655114117,-0.619106615513335,0.20745636045191,0.00284252133242411,0.00620866501555792,2.92308258869133,2.07878180869402,0.159679080998265,0.510325632002726
"mod_31",5.08491484748459,0.198169382560944,4.34592303391489,0.721347025073808,-0.31395528728134,0.21335758582582,0.14115645448975,0.167371224609276,-3.015687291691,0.866951014896075,0.000504232373529249,0.00261570543768298,-0.7389918135697,0.748072504034374,0.323220622057438,0.593677995373571,-3.44072381797936,0.487353428649421,1.66481432426495e-12,8.63622430712443e-12,-2.70173200440966,0.892818740318912,0.0024775493908203,0.0286687858080634
"mod_32",4.96224481940281,0.251140928837135,4.46562174800981,0.832939608193037,-0.869487581146687,0.264998553024716,0.00103401929591001,0.00165045387616405,-3.33209731670036,0.931254644615311,0.000346136478657225,0.00191528851523664,-0.496623071393004,0.869976900248528,0.568103852850873,0.703770444576454,-2.95923280694667,0.424970315644119,3.32187433708117e-12,1.53175316654298e-11,-2.46260973555367,0.968224678256518,0.0109770684394844,0.0987936159553594
"mod_33",5.73039183371481,0.192788215612503,6.45683641797949,0.588977447299815,0.586674077146964,0.195627963176093,0.00270931774919527,0.00416432172561495,0.298809134240512,0.592961555617231,0.614312917645336,0.789228764849521,0.726444584264684,0.619727057955188,0.241116427134479,0.536838649585376,0.438579641358233,0.0762363676391275,8.77291821172381e-09,3.16587918075251e-08,-0.287864942906452,0.624398591462223,0.644778850896973,0.85655452498916
"mod_34",5.86812007847537,0.194532941913846,6.37316466549042,0.588977436423287,0.40912731887076,0.197359482955537,0.0381717558148314,0.0472873989944927,0.0534675010658357,0.593271374013246,0.928189331556895,0.951107586657066,0.50504458701505,0.620272021846039,0.415512741786929,0.622469548191269,0.149384769210126,0.0786397481402096,0.0574844571339243,0.0852001775377806,-0.355659817804925,0.625237220091428,0.569464859429305,0.85655452498916
"mod_35",5.89411528899237,0.192788216996968,6.37316467134223,0.588977435228774,0.421767889088063,0.195565144675708,0.0310320206160158,0.0396255032481433,0.0569819794320922,0.593260963007519,0.923481847228145,0.951107586657066,0.479049382349857,0.619727046913778,0.439522022446209,0.622469548191269,0.114263472693886,0.0783746613698294,0.144864401737187,0.182177959760402,-0.364785909655971,0.624663261785455,0.559239090753511,0.85655452498916
"mod_36",5.64834746992549,0.217494430038344,6.48544818403062,0.545287253354604,0.832758179706906,0.219708682861309,0.000150475483880972,0.000277543670269349,-0.230463972656553,0.549866828949809,0.67512340125682,0.789228764849521,0.837100714105133,0.587062094881623,0.153892846076988,0.433641655114117,-0.226121438258326,0.0773526046569012,0.00346391988169564,0.00737193205591635,-1.06322215236346,0.592136234547001,0.0725629054691111,0.309347123315684
"mod_37",5.58123327873301,0.222612643934946,6.48544813590152,0.545287262451146,0.830455695249428,0.224882605568322,0.000221762726617558,0.000400137093679507,-0.327518607695253,0.550184101164825,0.551650229406982,0.72677728636158,0.904214857168512,0.588977478305469,0.124727773965094,0.433641655114117,-0.253759445776169,0.0798758436049084,0.00148846285494352,0.00333898424217059,-1.15797430294468,0.594369086753633,0.0513861171883558,0.260142218266051
"mod_38",5.3721625747358,0.231016058744531,5.78820193003542,0.721346903077021,0.916556085829475,0.23338240418122,8.59149468933127e-05,0.000165835827724301,0.307678293328383,0.72575885018226,0.671609484636237,0.789228764849521,0.416039355299624,0.757436170127995,0.582818006864273,0.711380802496097,-0.192838437201469,0.0865071959569675,0.0258032176623315,0.0428333413194704,-0.608877792501092,0.762360170367337,0.424479051334753,0.799600073444535
"mod_39",5.54619186091642,0.21749444200726,4.78820376593602,1.0201368627817,0.525962434934029,0.220410401976907,0.0170194720188533,0.0228118870444832,1.01964422714839,1.02395047521707,0.319350014718606,0.473322343243648,-0.757988094980399,1.04306407151467,0.467413610380575,0.622469548191269,-0.264306302766035,0.0952486366317172,0.00552171489670575,0.0114575584106644,0.493681792214364,1.04740389551729,0.63739901875143,0.85655452498916
"mod_40",5.77690555405917,0.206099279701093,4.81756190808765,0.832938996407546,-0.768839734094401,0.213590669000444,0.000318714158323714,0.000562835641295069,-0.639505624232381,0.843827555293355,0.448533043804263,0.641866252340584,-0.959343645971516,0.858058301673013,0.263549839165863,0.536838649585376,-0.830009536109496,0.146293142809671,1.39823166104079e-08,4.64212911465542e-08,0.12933410986202,0.870439928507253,0.881881297462893,0.978742629579529
"mod_41",5.45221218135759,0.196325933967999,1.48377404145975,2.04026190704528,-0.657315742920279,0.204670768842276,0.00132009017334557,0.00206731102618268,3.11153059090538,2.04632510596325,0.128373912776169,0.253691303819572,-3.96843813989784,2.04968564373176,0.0528529594621158,0.346009474324767,-0.199591806072178,0.167703471940934,0.233988568399232,0.273535932072342,3.76884633382566,2.056534760095,0.0668591305907099,0.300866087658195
"mod_42",5.53021490999817,0.191089619282007,3.92644328271889,1.44268583106925,-0.0288252413456155,0.19638190296109,0.883304442933253,0.883304442933253,1.4464690003712,1.4476865122968,0.31771767629509,0.473322343243648,-1.60377162727927,1.45528589691449,0.270447760065719,0.536838649585376,-0.12847738556246,0.128470077241868,0.317282978505621,0.355871448864413,1.47529424171681,1.46094540020762,0.312580762959919,0.72780031236283
"mod_43",5.126596755017,0.200065792063523,3.95707995338664,1.44268668789035,0.706954350365569,0.204411921297769,0.000543234490035827,0.000920172707611707,1.79316343189177,1.44721634221342,0.215329534858766,0.364741865168929,-1.16951680163036,1.45649254515771,0.421993271953808,0.622469548191269,-0.083307720104163,0.121853533480057,0.4941829759836,0.539699829034721,1.0862090815262,1.4615808877519,0.457376273264676,0.826914332138191
"mod_44",5.67460492289644,0.181762479606583,4.92643820120496,1.02013685410226,0.537357088548722,0.185177429840217,0.00370966353514714,0.00549825131102165,1.06445165619393,1.0247424656656,0.298920830010478,0.468121299827729,-0.748166721691488,1.03620293622329,0.470277744613031,0.622469548191269,-0.221072154046284,0.103300730193819,0.0323480460205033,0.0526448592098387,0.527094567645204,1.04133929144018,0.612737408689463,0.85655452498916
"mod_45",5.57996804951745,0.18782288348829,4.92643795749246,1.02013694026654,0.637195992652918,0.191117782735645,0.000855916744415474,0.00142082179572969,1.02474219131685,1.02487078326677,0.31737123247298,0.473322343243648,-0.653530092024982,1.03728323940855,0.528668313088812,0.675068769021098,-0.265983893361047,0.104543567070617,0.0109515903887493,0.0211391163317718,0.387546198663935,1.04253816666799,0.710091396514461,0.91297465266145
"mod_46",4.61712415194406,0.194532935527651,4.9764829636698,1.02013759910381,1.77230077724659,0.198129042576174,3.71330002483904e-19,1.71224390034244e-18,1.38210200760346,1.02569697009181,0.177826991410371,0.320861745370887,0.359358811725736,1.03851984528442,0.729320321281584,0.815778069199275,-0.0308399579174009,0.113073673177205,0.785051423507891,0.814490851889437,-0.390198769643136,1.04465739323676,0.708762645180936,0.91297465266145
"mod_47",4.33430211770389,0.180336862374926,3.98991122068884,1.44268833662692,2.1891062386967,0.184328202754579,1.57485879080676e-32,1.00548676643816e-31,2.51613335906316,1.44682805733553,0.0820226830769894,0.182019984220766,-0.344390897015044,1.45391556806523,0.812756621666665,0.861590559261754,-0.0173637766485766,0.115833471631605,0.880841200995134,0.891583166860929,0.327027120366467,1.45852245734256,0.822587607603827,0.973423445831713
"mod_48",5.51084375253404,0.228110093644672,5.26305651967276,0.832939159038598,-0.584159205515892,0.234259714527374,0.0126440998154988,0.0177874624523118,-0.555292720783835,0.841691825784773,0.509424539452751,0.681971560880295,-0.24778723286128,0.863609615901026,0.77417325541698,0.836179165506536,-0.218920748129223,0.132291071711742,0.0979566647345225,0.127037549577584,0.0288664847320573,0.873683262704067,0.973642699026138,0.988711513468533
"mod_49",5.33304797227502,0.186251098368486,7.95707469620878,0.360673736654866,3.10422970843406,0.187025856736683,7.22155647163404e-62,1.49847296786406e-60,1.406581744601,0.362153429412641,0.000102777801281664,0.000609325536169865,2.62402672393376,0.405924845082496,1.01757610786077e-10,8.44588169524441e-09,0.926378760100704,0.0368613917663775,2.25680386537701e-139,1.87314720826292e-137,-1.69764796383306,0.407595070047578,3.11304029430968e-05,0.00126078131919542
"mod_50",5.27591211462196,0.240449110819161,7.0391090455703,0.372502222434166,2.94407657400868,0.241189462254289,2.87008593053669e-34,1.98514276862121e-33,0.910887265183326,0.374335713831864,0.0149601132538202,0.0561950566011548,1.76319693094834,0.443366232851497,6.98368807511333e-05,0.00193215370078136,-0.269992377877013,0.0415439967192186,8.08822719411844e-11,3.19677551005634e-10,-2.03318930882535,0.445308341105462,4.97590428669748e-06,0.000403048247222496
"mod_51",3.23948695346767,0.240449105137607,5.63001549924979,0.832940076378106,1.57926178950045,0.25066135869776,2.96916973367962e-10,1.02683786623087e-09,-0.333856104950293,0.848806993444747,0.694080243850879,0.800120281105874,2.39052854578212,0.86695133779373,0.00582636627949845,0.0967176802396743,0.47741065133138,0.178043707285656,0.00733095870803167,0.0145274152043603,-1.91311789445074,0.885044680987502,0.0306485584383509,0.185395541178304
"mod_52",4.1546162503165,0.243859925408023,4.9737588120942,1.02013775211442,0.402860441083946,0.253458957103769,0.111958743346105,0.134675010111982,0.0565829026640381,1.03297016649013,0.956316204549837,0.956316204549837,0.819142561777699,1.04887949804234,0.434820621581929,0.622469548191269,0.472865023357791,0.176409247849368,0.00735122215160399,0.0145274152043603,-0.346277538419908,1.06361096555926,0.744751337744156,0.928074743958102
"mod_53",4.42615672900664,0.255034846125489,1.51439955562902,2.04026190704655,0.143384853168825,0.263181713318719,0.585882046880909,0.623438588347634,1.87715708256369,2.05664981527526,0.361386839114468,0.526229958710541,-2.91175717337761,2.05613940579481,0.156737947631608,0.433641655114117,-1.17798494398275,0.267138117502676,1.03538995153933e-05,2.68554268680515e-05,1.73377222939486,2.07342007851215,0.403048269003933,0.777307375936156
"mod_54",2.16302707911757,0.588977199623709,-0.30109443194895,2.04026190706536,0.80738189702721,0.607291714557227,0.18368981819299,0.20885280698655,0.275166858967138,2.13984464479958,0.897680512946612,0.951107586657066,-2.46412151106652,2.12357039888097,0.245899321064273,0.536838649585376,-2.99633654912659,0.661953544385608,5.99669580510875e-06,1.65908583941342e-05,-0.532215038060072,2.22434839884949,0.810897900747716,0.973423445831713
"mod_55",2.27669928934827,0.670131077617317,4.62122789025529,1.02014002504032,-0.134966797853656,0.684761382855892,0.843748907116223,0.864582213464772,-5.13333723031354,1.24940956868679,3.98046801553479e-05,0.000356436909764603,2.34452860090702,1.22055626379912,0.0547482340311433,0.346009474324767,-2.65384183155287,0.734958016420208,0.000305165235609975,0.000744962192812586,-4.99837043245988,1.42475177646383,0.000451082793346449,0.00913442656526559
"mod_56",3.40586237741424,0.307583562611362,2.0284934145435,1.44268705952764,-0.923442017001705,0.363937748201949,0.0111691214475174,0.0159833979335162,-0.402198384290425,1.53020090099471,0.792673712454799,0.889079974780382,-1.37736896287074,1.47511085157152,0.350438391295562,0.611306143843455,-0.856125330159462,0.545906619799583,0.116819691468967,0.149169759875758,0.52124363271128,1.57288380174161,0.740347195018046,0.928074743958102
"mod_57",4.07112879484679,0.322596379004443,2.69959232156323,1.44268674448719,-1.8983780502242,0.366378439749942,2.20146719756647e-07,5.89425088380699e-07,-1.06857289439608,1.49000060138868,0.473273694950305,0.654695278014588,-1.37153647328356,1.47831381433163,0.353526444632359,0.611306143843455,-0.541731317455436,0.411002007746894,0.18747866779383,0.228834256277763,0.829805155828124,1.53438355530599,0.588640712531532,0.85655452498916
"mod_58",6.18891544601256,0.180336890600685,1.23542993364502,2.04026190704691,-3.0364636984908,0.205541757590854,2.18828937411682e-49,2.01808908946329e-48,-0.507488837254333,2.096169841769,0.808700416500015,0.894961794260017,-4.95348551236754,2.04821604340156,0.0155872597797165,0.184820365959496,-2.42451065113108,0.490906529224244,7.85871422978943e-07,2.50874338874047e-06,2.52897486123646,2.10622271747757,0.229861469326888,0.620625967182598
"mod_59",4.60872037055967,0.149600505800012,1.60238142330926,2.04026190704612,-1.18315834734078,0.188556435342922,3.50031185120813e-10,1.1621035346011e-09,0.730303397703246,2.09064632413661,0.726849507552539,0.826417933244668,-3.00633894725041,2.04573903892494,0.141680604695653,0.433641655114117,-1.09287720220638,0.470436051213254,0.0201729576711956,0.034882405973109,1.91346174504403,2.09913186524669,0.362006131763876,0.777307375936156
"mod_60",4.80245153370604,0.210438693611759,2.47275893531186,2.04026190704186,0.105249739255379,0.215327220731322,0.624990552604354,0.65663564387546,2.69022245954163,2.04437120002666,0.188201960819222,0.325432557249905,-2.32969259839417,2.05108547319636,0.256026048436561,0.536838649585376,0.255280121892079,0.137355751519855,0.0630934391370814,0.0918729026031185,2.58497272028625,2.05567942612145,0.208580412669457,0.620625967182598
"mod_61",4.87706230656881,0.208235085628397,2.46912122224511,2.04026190704037,0.191333767180767,0.212910729721696,0.368835263587702,0.402806932602358,2.43136034267851,2.04427422535467,0.234301430146124,0.388803717359707,-2.4079410843237,2.05086056478552,0.240349955688108,0.536838649585376,-0.167914508825957,0.135491182413236,0.215233636039352,0.255205597018088,2.24002657549775,2.05533126466433,0.275774123750613,0.720571097541925
"mod_62",5.31535788998546,0.178944292802265,2.38633682371573,2.04026190704422,-0.0411629693106281,0.185059780645727,0.823978645654429,0.85487784486647,1.3979444731405,2.04457992641617,0.494144489760424,0.67236053524779,-2.92902106626974,2.04809390480838,0.152682439266911,0.433641655114117,-1.48991362381861,0.140942480343764,4.05813017832527e-26,4.21031006001247e-25,1.43910744245113,2.05293767369731,0.483303582700373,0.836354589374053
"mod_63",5.49582650889086,0.11000446197147,6.63001753211005,0.588977570000688,-1.0521171833909,0.136401095804923,1.2250251735129e-14,4.84176616197955e-14,-2.66506398904123,0.643455830353618,3.44593966009536e-05,0.000356436909764603,1.13419102321919,0.599162353653347,0.0583630438620089,0.346009474324767,-0.478755782431137,0.271376485682656,0.0777024144727805,0.104020974213561,-1.61294680565033,0.657754222296466,0.0141984578982465,0.104552280887088
"mod_64",-0.439878184891934,0.863507340271033,1.53749899869984,2.04026190714648,-3.99581497194243,1.33653240790396,0.00279262487095932,0.00421432480526589,-4.99645718079386,2.88536005440005,0.0833344506070976,0.182019984220766,1.97737718359178,2.21546580778146,0.372107109874671,0.622469548191269,0.976734974740352,2.28108880496581,0.668514213412882,0.720606230042457,-1.00064220885143,3.17986628939719,0.753004180935376,NA
"mod_65",0.912370025136971,0.718201670092108,1.52856878768245,2.04026190713477,-5.54231856542454,1.24759348468622,8.89579093794964e-06,1.995542291486e-05,-5.31555439008102,2.88536005438141,0.0654385984008265,0.171646518595659,0.616198762545476,2.1629759849174,0.775732478843413,0.836179165506536,0.842962937888995,2.28108880495992,0.711722199305025,0.757345417209193,0.22676417534352,3.14352218450869,0.942492902558065,0.978742629579529
"mod_66",1.64566171239288,0.733985479796752,1.42918271761749,2.04026190713594,-6.52590217219701,1.25674594005095,2.07268212147564e-07,5.89425088380699e-07,-5.90413735527744,2.88536005438327,0.0407328250853439,0.125882610986236,-0.21647899477539,2.16826783254758,0.920471668228425,0.931696932475113,0.405285822144183,2.2810888049605,0.858980503121157,0.880189898259952,0.621764816919573,3.1471656191505,0.843386653789192,0.975918842241779
"mod_67",2.46505011181726,0.456220080973582,-0.541628199206887,2.04026190705405,1.01444738867851,0.476506311765774,0.033260259567154,0.0418272961223301,3.57561432251853,2.05906656145697,0.0824715830688965,0.182019984220766,-3.00667831102415,2.09064546979952,0.150389255718064,0.433641655114117,-0.445511377184129,0.309853622283893,0.150487292933118,0.186424556917146,2.56116693384002,2.11348197374012,0.225579984856338,0.620625967182598
"mod_68",1.95047690803833,0.545287104218984,-0.541628716364583,2.0402619070513,2.37701747578507,0.55484228848141,1.8345416710317e-05,3.90428099219567e-05,5.32852210763867,2.0458593439321,0.00919977325620412,0.040188483171839,-2.49210562440292,2.11187044431895,0.237981665004108,0.536838649585376,0.459399007450685,0.182713299272642,0.0119263452146063,0.0224974239275527,2.9515046318536,2.11975949467742,0.163808227556431,0.510325632002726
"mod_69",2.35210102331656,0.51006948620102,-0.430207338867548,2.04026190705564,1.85931154595551,0.520121070744747,0.000350540169800195,0.000606142376946171,5.01655913957664,2.04551355516472,0.0141879496622391,0.0560761819983736,-2.78230836218411,2.10305274923243,0.18584018895189,0.482022990093964,0.374939231437016,0.17836053488708,0.0355408092835695,0.0567285994333897,3.15724759362113,2.11060246679986,0.134680041892468,0.454545141387079
"mod_70",2.79159486654471,0.314821742819176,3.16943255055034,0.832939177305939,2.83911040322678,0.323703614904678,1.7754380307645e-18,7.36806782767267e-18,3.402394206614,0.840569314360914,5.1717653733061e-05,0.000357713771653672,0.377837684005633,0.890449242088955,0.671330603242783,0.784794930551422,0.941121487392858,0.135795579265775,4.19569213437695e-12,1.8328549850173e-11,0.563283803387225,0.90074426523337,0.531738910367431,0.85655452498916
"mod_71",2.76095098660976,0.314821742456427,3.18604221925615,0.83293919492486,2.9048248068575,0.323493865262885,2.71911031124492e-19,1.32756562254899e-18,3.42738889729471,0.840569331817147,4.55301105104795e-05,0.000356436909764603,0.425091232646382,0.890449258441682,0.633084704649557,0.750657578370189,0.94765532308359,0.135294826329716,2.48095729747967e-12,1.21129091582831e-11,0.522564090437208,0.900668924545061,0.561782762889641,0.85655452498916
"mod_72",6.00531347503138,0.174952469119606,3.88066486976656,1.02013581771966,-0.0326887996523981,0.180421047439411,0.856225795340006,0.866667573331958,1.93468316108851,1.02344259728232,0.05870875676071,0.168028510728929,-2.12464860526482,1.03502908085615,0.0400975182366104,0.338607123766281,-0.157276644523908,0.0932795786822511,0.0917807787334539,0.120917533886931,1.96737196074091,1.03922386447473,0.0583423635709778,0.277984202897012
"mod_73",6.72807459427131,0.1496005040525,6.00002281097628,0.645192100489527,-0.341958428549806,0.153017235461728,0.025432408869119,0.0329826552521388,1.06578850500499,0.647403942751917,0.0997123739037244,0.201856756927052,-0.728051783295029,0.662308902866549,0.271653292561275,0.536838649585376,0.679695150259772,0.062393805991125,1.23610410433321e-27,1.70994401099427e-26,1.4077469335548,0.665241356891697,0.0343325076256119,0.185395541178304
"mod_74",6.89411533556392,0.136321863504532,7.69509295520538,0.372502167819565,-0.604635155009601,0.140292544520068,1.6338989717015e-05,3.56877933292695e-05,-0.551336108942814,0.376624412165653,0.143224442774127,0.26416952778339,0.800977619641456,0.396662948699018,0.0434570620384597,0.338607123766281,0.854276665708242,0.0647026448541192,8.41771328399729e-40,1.74667550642944e-38,0.0532990460667868,0.401905367475078,0.894497149152838,0.978742629579529
"mod_75",7.06602218519367,0.135120767096389,7.45279437767733,0.372502159803148,-0.721107934191096,0.139125731919093,2.18182921950043e-07,5.89425088380699e-07,-0.634502281123302,0.376612274796591,0.0920343803483149,0.195868040228465,0.386772192483661,0.396251764023349,0.329026358881738,0.593677995373571,0.473377845551455,0.0646320037331888,2.40324610628917e-13,1.42478162015715e-12,0.0866056530677941,0.401488173791425,0.829212564967755,0.973423445831713
"mod_76",7.053311132042,0.135717329653409,7.45279437394284,0.37250216028512,-0.763488999866452,0.139858123858318,4.78756250596698e-08,1.41917031426878e-07,-0.691085805720366,0.376775747288017,0.0666228424466453,0.171646518595659,0.399483241900841,0.396455587095033,0.313628852207954,0.591618062119549,0.471886436046927,0.065903015857221,8.04911480679662e-13,4.45384352642746e-12,0.0724031941460859,0.40189580393846,0.857031557892699,0.977740228018431
"mod_77",6.881084649513,0.143553517445021,7.20334278938243,0.385576360328452,-0.570199225661751,0.147626479333794,0.000112257629821075,0.000211758710798846,-0.582477498302715,0.389898407921364,0.135196216049874,0.255029225730445,0.322258139869427,0.411432518774638,0.433475153410292,0.622469548191269,0.309979867228463,0.0673617551574493,4.19018305698386e-06,1.19925928872297e-05,-0.0122782726409638,0.416910446490529,0.97650519848744,0.988711513468533
"mod_78",6.33874867484045,0.111306337075846,6.61345185358862,0.294488852197049,-2.67190377001189,0.170411412292024,2.1009133587294e-55,2.49108298249343e-54,-3.66522848946189,0.436797513615305,4.81456206976265e-17,1.9980432589515e-15,0.274703178748164,0.314821816502843,0.382899046178934,0.622469548191269,-0.718621540701828,0.347446921727704,0.0386126135946964,0.0604688099690528,-0.993324719449992,0.468862550093002,0.0341256350044678,0.185395541178304
"mod_79",6.51974784324231,0.159319009650856,7.13948900317145,0.372502185989571,-2.95163207991141,0.184154135070312,8.1394317867213e-58,1.35114567659574e-56,-4.09388296725839,0.422828781466282,3.59156250821632e-22,2.98099688181954e-20,0.619741159929133,0.405142440663661,0.126094201411252,0.433641655114117,-0.522509727417846,0.220355442589702,0.0177298021301822,0.0313100761022367,-1.14225088734698,0.461190725795073,0.0132587346528386,0.104552280887088
"mod_80",6.19390665698381,0.171216400971559,4.81635305265738,1.02013652407944,-2.99268559679772,0.196699235207001,2.83264326210018e-52,2.93886738442893e-51,-2.19801880301781,1.05594167300272,0.0373815653453456,0.124106796946547,-1.37755360432644,1.03440482387791,0.182947126134056,0.482022990093964,-0.582886810546533,0.289327031293803,0.0439434702850793,0.0675427413641034,0.794666793779903,1.07410572632413,0.459396851187884,0.826914332138191
"mod_81",6.10552901908591,0.173680072306953,4.84145695054164,1.0201365823295,-2.90821733764497,0.199061630516794,2.438283814464e-48,2.02377556600512e-47,-2.15838532231487,1.05594172919629,0.0409497650196191,0.125882610986236,-1.26407206854427,1.03481552123485,0.221880344399801,0.536838649585376,-0.514240053214171,0.289474287256427,0.0756568101510864,0.102942872828527,0.749832015330103,1.07454090936664,0.485292169142969,0.836354589374053
"mod_82",3.45786936551785,0.282935731405633,1.89270397700247,1.44268852514595,-1.97869662584656,0.404112981678148,9.76109584237209e-07,2.45506349974813e-06,-3.05358427987343,2.04026712507366,0.134481993775596,0.255029225730445,-1.56516538851538,1.47017056008909,0.287050263679869,0.554073764777421,-2.64005304254225,1.47126174533664,0.0727470739888904,0.101466662356651,-1.07488765402687,2.079902367408,0.605297756907244,0.85655452498916
